{

  "metadata" :
  {
    "formatVersion" : 3.1,
    "sourceFile"    : "Feather_01_1.obj",
    "generatedBy"   : "OBJConverter",
    "vertices"      : 36,
    "faces"         : 25,
    "normals"       : 0,
    "colors"        : 0,
    "uvs"           : 36,
    "materials"     : 1
  },

  "scale" : 0.900000,

  "materials": [	{
    "DbgColor" : 15658734,
    "DbgIndex" : 0,
    "DbgName" : "Mat",
    "colorDiffuse" : [0.8, 0.8, 0.8],
    "illumination" : 1,
    "mapAlpha" : "cross.png",
    "mapDiffuse" : "cross.png",
    "transparent" : true
  }],

  "vertices": [-23.714700,-15.290000,-5.201810,-14.871100,-15.764200,-3.579670,-6.024940,-16.169000,-1.958750,2.823420,-16.504400,-0.338835,11.673500,-16.770400,1.280280,20.524800,-16.966900,2.898810,-22.120900,-1.537170,-5.003450,-13.519400,-3.554740,-3.268420,-4.902050,-5.505090,-1.540800,3.730760,-7.388100,0.179627,12.378600,-9.203670,1.893050,21.041000,-10.951700,3.599690,-17.883400,11.715300,-6.037890,-9.815060,8.246080,-4.054230,-1.718340,4.838840,-2.083830,6.406410,1.493790,-0.126489,14.558800,-1.788840,1.817970,22.738400,-5.008850,3.749740,-11.139700,23.851200,-8.240950,-3.871440,19.088100,-5.884230,3.436510,14.378900,-3.546010,10.783800,9.723890,-1.226130,18.170000,5.123460,1.075580,25.594900,0.577856,3.359270,-2.144950,34.296500,-11.493700,4.092810,28.456000,-8.656450,10.379700,22.659000,-5.842110,16.715400,16.905700,-3.050540,23.099700,11.196700,-0.281620,29.532300,5.532200,2.464790,8.738450,42.546200,-15.627200,13.762100,35.894000,-12.223700,18.842100,29.272700,-8.846610,23.978200,22.682800,-5.495660,29.170300,16.124800,-2.170800,34.418100,9.598980,1.128070],

  "morphTargets": [],

  "morphColors": [],

  "normals": [],

  "colors": [],

  "uvs": [[0,0,0,0.2,0.2,0.2,0.2,0,0.4,0.2,0.4,0,0.6,0.2,0.6,0,0.8,0.2,0.8,0,1,0.2,1,0,0,0.4,0.2,0.4,0.4,0.4,0.6,0.4,0.8,0.4,1,0.4,0,0.6,0.2,0.6,0.4,0.6,0.6,0.6,0.8,0.6,1,0.6,0,0.8,0.2,0.8,0.4,0.8,0.6,0.8,0.8,0.8,1,0.8,0,1,0.2,1,0.4,1,0.6,1,0.8,1,1,1]],

  "faces": [11,1,7,6,0,0,3,2,1,0,11,2,8,7,1,0,5,4,2,3,11,3,9,8,2,0,7,6,4,5,11,4,10,9,3,0,9,8,6,7,11,5,11,10,4,0,11,10,8,9,11,7,13,12,6,0,2,13,12,1,11,8,14,13,7,0,4,14,13,2,11,9,15,14,8,0,6,15,14,4,11,10,16,15,9,0,8,16,15,6,11,11,17,16,10,0,10,17,16,8,11,13,19,18,12,0,13,19,18,12,11,14,20,19,13,0,14,20,19,13,11,15,21,20,14,0,15,21,20,14,11,16,22,21,15,0,16,22,21,15,11,17,23,22,16,0,17,23,22,16,11,19,25,24,18,0,19,25,24,18,11,20,26,25,19,0,20,26,25,19,11,21,27,26,20,0,21,27,26,20,11,22,28,27,21,0,22,28,27,21,11,23,29,28,22,0,23,29,28,22,11,25,31,30,24,0,25,31,30,24,11,26,32,31,25,0,26,32,31,25,11,27,33,32,26,0,27,33,32,26,11,28,34,33,27,0,28,34,33,27,11,29,35,34,28,0,29,35,34,28]

}